三頭巨犬毛毛的弱點是什麼;聽到音樂就會入睡
哈利和榮恩駕駛的福特飛天汽車最後撞到了什麼;渾拚柳
佛地魔的哪個分靈體被藏在古靈閣雷斯壯倉庫;海加赫夫帕夫的金杯
下列哪種魔法界出版物中談及過雙角獸;《謬論家》
三巫鬥法大賽中使用的龍不包括下列哪一種;挪威脊背龍
歷史上湯姆瑞斗誣衊誰打開了密室;魯霸海格
歷史上湯姆瑞斗誣蟻誰打開了密室;魯霸海格
歷史上湯姆瑞斗誣嶙誰打開了密室;魯霸海格
密室最初的用途是什麼;教授黑魔法
下列哪種生物要主動要求被視為野獸？;人馬
雷文克勞的冠冕曾被海蓮娜·雷文克勞藏在哪裡？;阿爾巴妮亞森林
什麼遊戲與麻瓜的彈子遊戲（打彈珠）類似？;高布石遊戲
史拉轟教授最喜歡的食物是什麼？;鳳梨蜜餞
失敗的消影術可能會導致什麼？;分體
石內卜告訴哈利什麼藥材能解毒?;毛糞石
石內卜告訴哈利波特什麼藥材可以解毒;糞石
你能在哪條街上找到波金與伯克氏商店？;夜行巷
你會在哪條街上找到黑魔法商店博金博克;夜行巷
哈利·波特三年級時，為什麼沒能和其他同學一起去活米村？;他的姨丈沒有簽同意書
哈利·波特三年級時，為什麼沒能和其他同學一起去霍格莫德？;他的姨父沒有簽同意書
哈利·波特把什麼遺落在禁忌森林？;重生石
哈利·波特把哪件聖器遺棄在了禁忌森林？;重生石
哈利·波特第一次使用呼嚕粉時誤入了哪裡？;博金·博克古董商店
哈利·波特第一次使用飛路粉（呼嚕粉）時誤入了哪裡?;波金與伯克氏古董商店
哪個不是佛地魔的分靈體?;接骨木魔杖
從哪裡可以搭乘霍格華茲特快車去往霍格華茲?;王十字車站，9 3/4月臺。
傳聞中，妙麗曾用什麼來形容榮恩的感情?;一茶匙
奧利凡德不曾用過哪種材料製作魔杖？;迷拉的頭髮
奧利凡德不曾使用下列哪種杖芯;媚娃的頭髮
誰用假掛墜替換了岩洞中的真掛墜？;獅子阿爾發·布萊克
誰的辦公室曾經使用過檸檬雪寶這個密語？;鄧不利多教授
誰是默然者;魁登斯巴波
誰是默然者？;克萊登斯·巴瑞波恩
xx是誰的？(題目沒截到);卡多甘爵士
《千種神奇藥草及蕈類》的作者是誰？;費麗·斯波兒
《初級變形指南》的作者是？;愛莫瑞·思為奇 
《阿不思·鄧不利多的生平與謊言》是誰的代表作？;麗塔·史譏
《為消遣和盈利而飼養火龍》中建議用什麼餵養新出生的龍？;白蘭地混雞血
《黑魔法：自衛指南》的作者是誰？;昆丁·特林堡
《預言家日報》上鄧不利多的訃告是誰寫的?;艾飛·道奇
《預言家日報》的記者麗塔·史譏能變成什麼？;甲蟲
《霍格華茲，一段歷史》的作者是？;芭蒂達·巴沙特
「甘普基本變形法則」一共有幾條例外法則?;5條
「甘普基本變形法則」五大例外中的第一項是什麼？;不可能憑空變出美味佳
1792年三巫鬥法大會中什麼生物橫衝直往而使三位裁判受傷？;雞蛇
1991年誰在霍格華滋教草藥學？;斯普勞特教授
1994年的魁地奇世界盃得主是誰?;愛爾蘭隊
1997年佛地魔控制下的魔法部內，大廳雕像上寫著什麼？;魔法即強權
1997年英國魔法部倒臺前的部長是？;盧夫昆爵
1997年教授黑魔法防禦術的老師？;艾米克．卡羅
一加隆等於多少西可?;17
一加隆等於多少納特？;493
一件趣事，學生時期隆巴頓教授的幻形怪形態是什麼？;石內卜教授
一次阿茲卡班越獄事件中，誰嚇得胖夫人逃出了畫框？;天狼星·布萊克
一次魁地奇比賽中，哈利·波特骨折後誰給他使用了生骨靈？;龐芮夫人
一西可等於多少納特？;29
一段往事，誰殺了格雷女士?;血腥男爵
一個有趣的問題，先有火焰，還是先有鳳凰？;循環往復，沒有起點
一群木精被叫做什麽？;一個分支
七個波特之戰中是因為施放什麼咒語才被發現？;繳械咒
人們能從意若思鏡中看到什麼?;最渴望的事物
人們常常把黑妖精誤認為什麼？;小仙子
人馬翡冷翠曾在霍格華茲教授哪一門課程？;占卜學
人魚有時會飼養什麽神奇生物作爲寵物？;滾帶落
人頭獅身蠍尾獸在進食時發出什麼聲音?;一聲低吟
三巫鬥法大會上，哈利的舞伴是誰？;芭蒂·芭提
三巫鬥法大賽的第一個項目中，哈利·波特挑戰了什麼龍？;匈牙利角尾龍龍
三巫鬥法大賽的第一個項目中，喀浪挑戰了什麼龍？;中國火球龍
三巫鬥法大賽的第一個項目中西追挑戰了什麼龍？;瑞典短吻龍
三巫鬥法大賽的聖誕舞會上花兒戴樂古的舞伴是誰？;比爾衛斯理
三巫鬥法大賽前，誰綁架了瘋眼漢穆迪？;小巴蒂·克勞奇
三巫鬥法大賽第二個項目誰變成了鯊魚？;維克多·喀浪
三巫鬥法大賽最後一場比賽中，人面獅身獸給哈利出的謎題的答案是什麼?;蜘蛛
三巫鬥法大賽期間誰邀請了妙麗參加舞會？;維克多喀浪
三巫鬥法大賽舞會上，哪支樂隊進行了表演？;古怪姊妹
三把掃帚酒吧的女主人是誰?;羅斯默塔女士
三強爭霸賽的第一個項目中，花兒挑戰了什麼龍？;威爾士綠龍
三強爭霸賽前，誰綁架了瘋眼漢穆迪？;小巴蒂·克勞奇
三強爭霸賽舞會上，哈利的舞伴是誰？;帕瓦蒂?佩蒂爾
三頭犬毛毛的弱點是什麼？;聽到音樂就會入睡
三頭巨犬毛毛守護的東西是什麼？;魔法石
下列人物中，誰曾擔任過霍格華茲麻瓜研究的老師？;阿萊克托?卡羅
下列人物中哪一個不是劫盜地圖的制作者？;亞瑟·衛斯理
下列人物中誰不是哈利·波特的同學？;花兒·德拉庫爾
下列四人中誰是在魔法部登記的合法阿尼瑪格斯？;麥米奈娃
下列四人中誰曾經試圖對哈利使用愛情魔藥？;羅咪·凡
下列物品中，哪種不是衛氏巫師法寶店的商品？;酷酸果
下列物品中哪一個不是衛氏巫師法寶店的產品？;伸縮眼
下列物品中哪一個不屬於魁地奇裝備？;看守手的籃筐
下列哪一位不是霍格華茲的創始人?;海蓮娜·雷文克勞
妙麗·格蘭傑用了誰的簽名才能借到《超強魔藥》?;古羅德·洛哈
下列哪一個不屬於神聖二十八族(純血家族聯盟)？;格蘭傑
下列哪一個詞不適合描述海格的狗––牙牙？;勇敢
下列哪一家店沒有開在斜角巷？;三把掃帚酒吧
下列哪一種不是常見的大釜材料?;鎳
下列哪一種甜點會把舌頭燒出一個洞?;酷酸果
下列哪本書是魔法界的著名漫畫？;《瘋麻瓜馬丁·米格冒險記》
下列哪個人不是雷文克勞學院的學生？;金妮?衛斯理
下列哪個不是衛斯理雙胞胎的發明？;變熱假加隆
下列哪個房間不屬於英國魔法部神秘事務司?;憎恨廳
下列哪種生物不住在黑湖中?;尼斯湖水怪
下列哪種生物不是龍？;芬蘭噴火獸
下列哪種奇獸生性高傲，被有禮貌地對待才不會生氣？;鷹馬
下列哪種魔法界出版物中談及過犄角獸？;《謬論家》
下列與天狼星·布萊克無血緣關係的是?;羅道夫斯·萊斯特蘭奇
下列選項中，最愛搗蛋的是誰？;皮皮鬼
下列選項中哪一個不屬於山怪類型？;橋
下列選項中哪個不是伏地魔的魂器?;老魔杖
下列選項中哪個不是佛地魔的分靈體？;接骨木魔杖
下列選項中誰不是劫盜地圖的創造者？;瘋眼
大家知道飛七的貓叫什麼名字嗎？;拿樂絲太太
大家知道海格教授的粉紅色雨傘裡隱藏著什麼？;他的舊魔杖
大家常去斜角巷光顧的貓頭鷹郵局叫什麼名字？;咿啦貓頭鷹郵局
大戰後誰回到霍格華茲完成七年級的學業？;妙麗·格蘭傑
小天狼星·布萊克的另一個暱稱是什麼？;大腳板
小天狼星·布萊克的外號有人知道嗎？;獸足
小仙女東施有什麼特殊的魔法能力？;變形師
小獨角獸寶寶是什麼顏色的？;金色
不在斜角巷開業的店？;蜂蜜公爵
不赦咒不包刮以下哪一個咒語？;空空，遺忘
什麼毛茸茸的東西高興時發出嗡嗡聲，還喜歡把長舌頭伸到巫師的鼻子裡？;胖胖球
什麼可以讓魔鬼網的藤蔓停止不動？;強光
什麼生物以人腦為為食，並幫助紐特·斯卡曼德逃離了美國魔法國會？;惡閃鴉
什麼生物只有面對過死亡的人才能看見？;騎士墮鬼馬
什麼樣的人才能看到騎土墜鬼馬;目睹過死亡
什麼生物的皮比龍還堅硬，可以擋下大部分魔法？;紫角獸
什麼生物的背部覆蓋著海葵般的觸鬚？;海葵鼠
什麼生物能在〝最黑暗、最骯髒的地方〞被找到？;催狂魔
什麼生物被認為是奇獸飼育學課上最無聊的生物？;黏巴蟲
什麼生物會以人最害怕的形態出現？;幻形怪
什麼行為會導致魔法交通司對無此證件的巫師進行懲罰?;現影術
什麼奇獸可以產生引人傷感的糖蜜?;哭蜜蟲
什麼東西可以讓你免受魔蘋果的傷害？;耳罩
什麼東西能重現記憶？;儲思盆
什麼物品可以檢測出隱匿的魔法物品或隱藏咒?;誠實探測器
什麼物品會在不懷好意的人接近時響起來？;測奸器
什麼物品會在葛來分多人危急時出現？;葛來分多寶劍
什麼物品會顯示人們心中最深的渴望？;意若思鏡
什麼物種自願被認作為野獸？;人馬
什麼是給魔蘋果換盆時的必要道具？;耳罩
什麼紙牌遊戲在霍格華茲很受歡迎？;爆炸牌
什麼草藥有強大的治癒效果?;白鮮
什麼植物在受到刺激時會噴出臭樹汁?;惡人掌
什麼黑暗的人工製品能在黑暗中提供光明但只能給它的持有者？;光榮之手
什麼黑魔法物品是盜賊之友？;光榮之手
什麼導致麥教授曾被送去聖蒙果魔法疾病與傷害醫院？;她被四發昏擊咒擊中
什麼樣的人看的到騎士墜鬼馬？;目睹過死亡
什麼魔法物品可以用於製造長生不老藥？;魔法石
什麼魔法物品用於挑選三巫鬥法大賽選手？;火盃
什麽生物能在「最黑暗、最肮髒的地方」被找到？;催狂魔
什麽植物在受到刺激時會噴出臭汁？;惡人掌
仇敵鏡的作用？;顯示你的敵人正在逼近
分類帽最開始是誰的帽子？;高錐客?葛來分多
分類帽裡能得到什麼？;葛來分多寶劍
化獸師形態下的天狼星·布萊克被稱為獸足或什麼？;傷風
天狼星·布萊克在魔法部哪個部門的戰役中被貝拉?雷斯壯殺死？;神秘部門
天狼星·布萊克來自哪個學院？;葛來分多
天狼星·布萊克的外號有人知道嗎？;獸足
天狼星·布萊克的阿尼馬格斯（化獸師）是什麼動物？;黑色大狗
天狼星·布萊克的家族座右銘？;永遠純淨
天狼星·布萊克是從什麼地方知道彼得·佩迪魯的行蹤？;預言家日報
天狼星·布萊克騎著什麼動物逃離了抓捕?;鷹馬
巴嘴是什麼生物？;鷹馬
比爾·衛斯理在古靈閣的職位是什麼？;解咒員
水仙球根粉末加入苦艾汁浸液會得到什麼;一飲活死水
火螃蟹和人面蠍尾獅交配後會得到什麼？;爆尾釘蝦
火螃蟹的殼上覆蓋著什麼？;寶石
丙斯教授在霍格華茲教哪一門課程?;魔法史
以下四人誰沒有參加過三巫師鬥法大賽？;弗雷
以下哪一本書是哈利波特一年級書單沒有的？;《基礎魔藥學》
以下哪一位能和哈利．波特一樣能看到騎士墮鬼馬呢？;露娜．羅古德
以下哪一個學生跟哈利不是同級？;科林克裡維
以下哪本書不是吉德羅洛哈要求的教科書？;與無臉妖同船旅行
以下哪個不是阿不思鄧不利多曾用過的辦公室密語？;南瓜汁
以下哪種材料可以治療頑固性粉刺？;泡泡莖膿汁
以下哪種是黑妖精滅跡中的成分？;綠黴怪
以下誰和魯霸·海格一樣是一位混血巨人？;馬克沁夫人
以前英國魔法部部門間使用的通訊工具是什麼？;貓頭鷹
占卜學課本是下列中哪一本？;《撥開未來的迷霧》
古德羅洛哈使用了誰的魔杖施展遺忘咒失去了記憶？;榮恩衛斯理
古德羅洛哈教授失憶後被收治于聖蒙果醫院幾樓？;五樓
古靈閣中守護金庫的龍是什麽品種？;烏克雷恩鐵肚皮龍
叫麗痕的商店出售什麼;書本
史萊哲林交誼廳位於哪裡？;地下室
史萊哲林的小金匣由誰保管？;怪角 
史萊哲林的學院幽靈是誰?;血腥男爵
史萊哲林學生曾用哪首歌嘲諷榮恩·衛斯理？;《衛斯理是我們的王》
尼可·勒梅曾在哪裡上過學?;波巴洞魔法學院
尼法朵拉唐克斯的頭髮一般是什麼顏色？;泡泡糖粉
尼樂·勒梅曾在哪裡上學？;波巴洞
布巴吉教授在霍格華茲教哪一門課程？;麻瓜研究
弗立維教授教什麼課？;魔咒學
弗雷和喬治使用什麼東西向恩不裡居示威？;衛氏野火魔爆彈
弗雷和喬治是如何獲得劫盜地圖的?;從飛七的辦公室偷來的
弗雷和喬治開的商店名稱叫什麼？;衛氏巫師法寶店
由哪一種杖芯製成的魔杖很難駕馭但是卻很適合用於變形？;雷鳥的尾羽
石內卜在七個波特之戰中用撕淌三步殺誤傷弗雷其實是想救誰？;雷木思·路平
石內卜和誰立下了不破誓的誓言?;水仙馬份
石內卜和誰立下了不破誓的誓言?;納西莎·馬份
石內卜的守護神和誰的一樣？;莉莉?伊凡
石內卜的守護神咒和誰的一樣？;莉莉·伊凡
石內卜的護法咒和誰一樣？;莉莉?伊凡
石內卜教授心中最重要的人是誰？;莉莉·伊凡
石內卜教授的母親？;艾琳·史林斯
石內卜教授的守護神？;牝鹿
石內卜教授的護法是什麼形態?;母鹿
石內卜教授最想要教導的課程是什麼？;黑魔法防禦術
吉德羅·洛哈使用了誰的魔杖施展遺忘咒後失去了記憶？;榮恩·衛斯理
吉德羅·洛哈教授失憶後被收治於聖蒙果醫院幾樓？;五樓
吉德羅·洛哈曾經發明過一種洗髮水，其中含有下列哪種成分？;兩腳蛇蛋黃
吉羅德·洛哈聲稱他做的洗髮水還有什麼成分？;兩腳蛇蛋黃
在七個波特之戰中哈利·波特由於施了什麼咒語而被認出？;繳械咒
在三巫鬥法大賽中，哈利從黑湖裡救出了誰？;榮恩和佳兒樂古
在三巫鬥法大賽中，誰沒有成功救下水下的人質？;花兒?戴樂古
在三巫鬥法大賽舉辦那年的魁地奇世界盃的獲勝隊伍是？;愛爾蘭隊
在小漢靈頓墓地中，西追.迪戈里拜託哈利波特什麼事？;把他的屍體帶回去給他父母
在比爾和花兒的婚禮上，是誰因為露娜父親的項鍊而感到不悅？;維克多·喀浪
在古靈閣中，哪種物品被用於控制守護重要金庫的龍？;丁當片
在巫師世界，龍屬於高危險性魔法生物，魯霸·海格得到火龍蛋的方式是?;酒館贏得的
在那個糟糕的學年裡，恩不裡居代理校長是如何離開霍格華茲的？;被皮皮鬼趕出學校
在使用者忘記了一些事情的時候記憶球會變成什麼顏色？;紅色
在哈利．波特上學時期，當消失的密室被打開時，第一位被襲擊的學生是誰?;柯林．克利維
在哈利·波特三年級時，葛來分多塔的入口畫像換成了誰？;卡多甘爵士
在哈利波特上學時期，當消失的密室被打開時，第一位被襲擊的學生是誰？;柯林·克利維
在哪裡可以找到老湯姆瑞斗的墓碑？;小漢果頓
在座有魁地奇愛好者嗎？考考你哈利·波特的第一把掃帚是什麼型號？;光輪二千
在海格的保護神奇生物課上，什麼被普遍認為是最無聊的生物？;黏巴蟲
在迷你巫師對決中，榮恩·衛斯理被哪種棋子擊中了？;皇后
在逃亡途中哈利波特從哪裡獲得葛萊芬多寶劍？;湖底
在密室，誰治好哈利被蛇妖咬傷的胳膊？;佛客使
在密室中，鳳凰的眼淚解了哪種生物的毒？;蛇妖的毒液
在密室中鳳凰佛客使為哈利波特帶來了什麼？;分類帽
在最後的大戦中，誰去密室拿了蛇妖的牙齒？;妙麗和榮恩
在跩哥·馬份的幫助下，食死人通過什麼進入了霍格華茲？;消失櫥櫃
在與佛地魔的最後決戰中，誰面對佛地魔時謊稱哈利·波特死了？;納西莎·馬份
在魁地奇比賽中，搜捕手抓住金探子給多少分？;150
魁地奇比賽中抓住金探子可以加多少分;150
在魁地奇世界中維克多·喀浪抓住金探子的戰術是什麼？;隆斯基詐騙法
在衛斯理法寶店裡買不到什麼東西？;酸酸果
在魯霸·海格之前奇獸飼育學教授是誰？;凱特爾伯恩教授
在學期結束時得分最多的霍格華茲學院贏得了什麼？;學院杯
在霍格華茲中，由什麼來決定新生的學院？;分類帽
在魔法火焰的灰燼可以找到什麼生物？;火灰蛇
地精的天敵是什麼生物？;魔貂
多比在收到什麼物品之後成為自由的綠仙？;哈利波特的襪子
多比營救哈利波特等人從馬份莊園傳送到哪裡？;貝殼居
多年前彼得·佩德魯被分到了哪個學院？;葛萊分多
如何正確地打開一本《怪獸的怪獸書》？;撫摸書脊
如何向鷹馬打招呼才合適?;鞠躬並等待它主動接近
如何追踪霍格華茲學院杯的分數？;裝滿寶石的沙漏
如果有人試圖闖入古靈閣713號金庫，會發生什麼？;被吸入門中
如果你想摧毀一個分靈體，下列哪個物品可能會有幫助？;蛇妖的毒牙
尖叫屋在什麼地方呢？;活米村
有人知道妙麗父母的職業是什麼嗎？;牙醫
有人知道是什麼讓娜吉妮變成一條蛇嗎?;血咒
有人知道是誰殺了家庭小精靈多比嗎？;貝拉·雷斯壯
有人知道是誰讓雷木思?路平成為了狼人嗎？;焚銳·格雷貝克
有人為學院整支魁地奇隊伍購買了什麼型號的飛天掃帚？;光輪2001
有同學知道佛地魔的母親叫什麼名字嗎？;梅洛普
有個黑魔法製作的照明道具，是小偷和盜賊的最愛，其名為？;光榮之手
有誰了解多比？他屬於什麼物種？;家庭小精靈
有誰好奇路平教授的幻形怪型態是什麼嗎？;滿月
有誰知道，石內卜教授曾是是哪個學院的院長？;史萊哲林
有誰知道，哈利·波特的中間名是什麼？;詹姆
有誰知道，哈利在哪裡購買了課本？;華麗與污痕書店
有誰知道，為什麼血腥男爵總帶著鎖鏈嗎？;內心懺悔
有誰知道，食童怪喜歡吃什麼？;小孩
有誰知道，海格養育的小龍叫什麼名字？;諾伯
有誰知道血腥男爵是怎麼死的？;自殺
有誰知道阿不思·鄧不利多的妹妹是誰？;阿利安娜·鄧不利多
有誰知道哈利·波特的教父是誰?;天狼星·布萊克
有誰知道是誰讓萊姆斯盧平成為了狼人嗎？;芬里爾·格雷貝
有誰知道食童怪喜歡吃什麼？;小孩
有誰知道海格養育的小龍叫什麼名字？;諾柏
有誰記得，鄧不利多教授的前一任校長姓名?;阿曼多·狄劈
有誰認識呱啦嗎?他是誰?;海格同母異父的弟弟
有誰瞭解多比？他屬於什麼物種？;家庭小精靈
有誰還記得佛地魔學生時期的名字？;湯姆·瑞斗
有暸解妙麗·格蘭傑的同學嗎？考考你她的貓叫什麼？;歪腿
老湯姆·瑞鬥的墓碑在哪？;小漢格頓
老魔杖的別稱中不包括什麼?;智慧杖
老魔杖的杖芯是什麼？;夜騏的尾毛
考考你們，食死人貝拉·雷斯壯的妹妹是誰？;納西莎·馬份
血腥男爵殺害了誰？;海蓮娜?雷文克勞
血腥男爵曾經殺了誰？;格雷女士
西弗勒斯?石內卜教授的母親叫什麼？;愛琳?普林斯
西弗勒斯·石內卜少年時代曾被自己發明哪種咒語所捉弄？;倒倒吊
西弗勒斯·石內卜在舊《高級魔藥製作》課本曾署名什麼？;混血王子
西弗勒斯·石內卜的母親是哪位家族的後代?;普林斯家族
西弗勒斯·石內卜最後死於哪裡？;尖叫屋
西莫面對幻形怪時，它變成什麼？;報喪女妖
西碧·崔老妮教授在霍格華茲教授什麼課程？;占卜課
佛地魔分靈體之一的史萊哲林小金匣由誰保管？;克利切
佛地魔用什麼藥水保護藏在岩洞中的分體？;絕望藥水
佛地魔在哪裡得到接骨木魔杖的？;霍格華茲
佛地魔的哪個分靈體被藏在古靈閣萊斯壯倉庫？;海加·赫夫帕夫的金盃
佛地魔曾喝了誰的血來維持生命？;獨角獸的血
佛地魔學生時代的黑魔法防禦術老師叫什麼？;梅樂思教授
佛客使屬於哪種生物？;鳳凰
你會在哪裡找到老湯姆瑞斗的墓碑？;小漢果頓
初入霍格華茲的第一學年，哈利、榮恩和妙麗在盥洗室打敗了什麼生物?;山怪
妙麗·格蘭傑用了誰的簽名才能借到《強力藥劑》？;吉德羅·洛哈
妙麗·格蘭傑的護法是什麼形態？;水獺
妙麗·格蘭傑最不擅長的咒語是什麼？;護法咒
妙麗·格蘭傑最不擅長的課程是什麼?;占卜學
妙麗·格蘭傑曾被誰用酷刑咒折磨過？;貝拉?雷斯壯
妙麗·格蘭傑曾經收過麥教授的禮物，禮物是什麼呢?;時光器
妙麗·格蘭傑曾經喝下變身水變成以下哪種樣子？;貓女
妙麗·格蘭傑對自己的父母施展魔法讓他們搬家去了哪裡?;澳大利亞
妙麗第一次喝變身水時原本想偽裝成誰？;米莉森·布洛德
妙麗創立的家庭小精靈權利促進協會的縮寫是？;S.P.E.W.
妙麗發現蛇妖通過什麼在城堡中移動？;渠道
妙麗與哈利見面時，使用的第一個咒語？;復復修
孚立維教授用了什麼方式保護魔法石？;施了魔法的鑰匙
孚立維教授是哪門課的老師？;符咒學
孚立維教授是哪個學院的院長？;雷文克勞
巫師卡中“惡人赫珀”培育出了什麼神奇生物？;蛇妖
貝拉·雷斯壯折磨瘋了誰的父母？;奈威·隆巴頓
貝拉·雷斯壯被誰殺死？;茉莉·衛斯理
辛尼斯塔教授在霍格華茲教哪一門課程？;天文學
那一種翠綠色的藥水會讓人産生恐懼和幻覺？;絕望藥水
那些通過抓捕麻瓜出生者或所謂血統叛徒來換取金錢的人被稱為什麼？;搜捕隊員
亞瑟·衛斯理在遭到娜吉妮攻擊後被送去了哪裡？;聖蒙果魔法疾病與傷害醫院
受到催狂魔的襲擊後，食用哪種食物可以有效緩解不適？;巧克力
呱啦第一次見到妙麗時送她什麼東西？;自行車手把
呼嚕粉是由誰發明的？;伊格內希婭·懷爾德史密斯
呼嚕網將什麽連接在一起？;壁爐
和天狼星·布萊克一起逃跑的鷹馬叫什麼名字？;巴嘴
奇獸動物園位在哪裡？;斜角巷
奇獸飼育學課上海格所使用的教科書是什麼？;《怪獸的怪獸書》
奈威·隆巴頓父母的職業是什麼？;正氣師
奈威·隆巴頓教授剛到霍格華茲讀書時，他想被分到哪個學院？;赫夫帕夫
下面哪一項是阿不思·鄧不利多的著名學術成就;發現龍血的十二種用途
奈威·隆巴頓教授最擅長的科目是什麼？;草藥學
彼得·佩迪魯變成過什麼動物？;老鼠
彼得·佩德魯、天狼星·布萊克、雷木思·路平、詹姆·波特的別稱？;蟲尾、獸足、月影、鹿角
怪獸與牠們的產地的作者是誰?;紐特·斯卡曼德
波巴洞的校長歐琳·美心夫人說她的馬只喝什麼？;純麥威士忌
波巴洞魔法學校位於哪個國家？;法國
波巴洞魔法學院的馬車由什麼生物牽引？;天馬
直到20世紀30年代仍舊是真正純血統的英國巫師家族有幾個？;28
知名的魁地奇世界盃選手維克多·喀浪是哪個國家代表隊的？;保加利亞隊
花兒?戴樂古的妹妹是誰？;加布麗
花兒·德拉庫爾在耶誕舞會上的舞伴是誰？;羅傑·達維
芽菜教授用成熟的什麼救了密室中被蛇妖石化的學生們和拿樂絲太太？;魔蘋果
芽菜教授在霍格華茲教授哪門課程？;藥草學
芽菜教授是哪個學院的院長?;赫夫帕夫
金妮·衛斯理名字中的“金妮”是什麼的簡稱？;吉尼芙拉
金妮衛斯理的蒲絨絨叫什麼名字？;阿囡
金探子翅膀是什麼顏色？;銀色
金探子被發明之前，魁地奇比賽中使用是哪一種生物？;金探鳥
阿不思·鄧不利多在什麼地方與蓋勒·葛林戴華德相識？;高錐客洞
阿不思·鄧不利多沒能直接通過魔法部長交給哈利·波特等三人的遺物是什麼?;葛來分多寶劍
阿不思·鄧不利多的守護神是什麼？;山羊
阿不思·鄧不利多派誰在麻瓜世界保護哈利?;費格太太
阿不思·鄧不利多將什麼遺贈給妙麗？;《吟遊詩人皮陀故事集》
阿不思·鄧不利多將什麼遺贈給榮恩？;熄燈器
阿不思·鄧不利多讓誰去馬份宅去救哈利三人組？;多比
阿尼馬格斯形態下的小天狼星·布萊克被稱為大腳板或什麼？;獸足
阿茲卡班的守衛是什麼？;催狂魔
前黑魔法防禦課老師吉德羅·洛哈最擅長的咒語是什麼？;空空，遺忘
哈利，榮恩和妙麗最喜歡到破釜酒吧喝的飲品是？;奶油啤酒
哈利、妙麗、衛斯理一家在哪裡使用了港口鑰去魁地奇世界盃場地？;鼬頭丘
哈利、榮恩和妙麗，最初懷疑誰想要偷走魔法石？;西弗勒斯-石內卜
哈利·波特生日的時候，衛斯理夫人送他什麼禮物？;手錶
哈利·波特在三巫鬥法大賽中需要從哪種龍那裡取走金蛋？;匈牙利角尾龍龍
哈利·波特在三巫鬥法大賽帶回了誰的屍體？;西追·迪戈里
哈利·波特在火盃第二項比賽中使用了哪種植物？;魚鰓草
哈利·波特在目睹誰的死亡後才看到騎士墮鬼馬？;西追·迪戈里
哈利·波特在哪裡第一次收到了魯霸·海格的生日蛋糕？;礁石上的小屋
哈利·波特在校時，誰的成績總是班級第一？;妙麗·格蘭傑
哈利·波特在逃亡過程中在哪裡拿到了葛來分多寶劍？;湖底
哈利·波特在動物園使用過什麼天賦？;爬說語
哈利·波特收到的第一把飛天掃帚是誰贈送的？;麥教授
哈利·波特沒有擔任過哪個職務？;S.P.E.W財務總管
哈利·波特使用什麼破壞了湯姆瑞斗的日記？;蛇妖的毒牙
哈利·波特和他的麻瓜親戚德思禮一家住在哪兒？;水蠟樹街
哈利·波特和阿不思?鄧不利多最後一次見面是在哪裡？;王十字車站
哈利·波特的小女兒叫什麼名字？;莉莉露娜·波特
哈利·波特的出生地是哪裡？;高錐客洞
哈利·波特的初戀是誰？;張秋
哈利·波特的祖父從事什麼工作發家？;護髮藥水
哈利·波特的摯友榮恩·衛斯理有多少兄弟姐妹？;6個
哈利·波特的貓頭鷹叫什麼名字？;嘿美
哈利·波特的護法是哪種動物？;雄鹿
哈利·波特的魔杖是什麼材質？;冬青木
哈利·波特是什麼咒語的唯一倖存者？;阿哇呾喀呾啦
哈利·波特是皮福雷三兄弟中誰的後代？;伊諾特
哈利·波特是通過打敗誰成為接骨木魔杖的主人？;跩哥．馬份
哈利·波特剛入學時葛萊芬多休息室的密語是什麼？;龍渣
哈利·波特畢業後去做了什麼工作？;正氣師
哈利·波特第一次抓住金探子是用哪裡抓住的？;用嘴抓住
哈利·波特第一次見到奎若教授是在哪裡？;破釜酒吧
哈利·波特被食死人抓到馬份莊園時，用的什麼名字？;弗農·達利
哈利·波特最擅長什麼咒語?;去去武器走
哈利·波特曾在葛來分多魁地奇球隊打什麼位置？;搜捕手
哈利·波特曾和他麻瓜親戚德思禮一家住在哪兒？;水蠟樹街
哈利·波特曾經被叫作過什麼？;爛爛爛疤頭
哈利·波特曾經試圖取得水下的葛萊分多寶劍差點淹死，是被誰所救?;榮恩．衛斯理
哈利·波特進入霍格華茲第一天的葛來分多交誼廳的密語是什麼?;龍渣
哈利·波特學生時，羅咪·凡曾十分迫切的想與他約會原因是？;他是被選中的孩子
哈利·波特學生時期的藥草學老師是誰？;芽菜教授
哈利·波特繼承的死神聖物是什麼？;隱身衣(隱形斗篷)
哈利一年級時，霍格華茲城堡中的哪個地方是禁止學生入內的？;四樓走廊
哈利一年級時誰在禁忌森林中保護了他？;翡冷翠
哈利二年級開學時，以什麼交通方式到達了霍格華茲？;一輛會飛的車
哈利三人組在誰的幫助下溜進古靈閣？;拉環
哈利三年級時黑魔法防禦術課上遭遇的幻形怪是什麼形態？;催狂魔
哈利三年級開學時，霍格華茲特快車上什麼導致了哈利暈倒？;催狂魔
哈利上一年級時，誰跑到禮堂告訴大家一隻山怪被放出來了?;奎若教授
哈利用爬說嘴和什麼動物說過話？;蛇
哈利因在麻瓜面前召喚護法而被傳喚後，誰主持了他的庭審？;愛蜜莉?波恩女士
哈利因為在麻瓜面前召喚護法被審訊時誰當了他的證人？;阿拉貝拉費格
哈利在火車上拆巧克力蛙卡片時，獲得的第一個人物是？;阿不思·鄧不利多
哈利在活點地圖上看到了哪個他以為已經死去的人?;彼得·佩迪魯
哈利在哪裡找到了魔法石？;他的口袋裡
哈利在級長浴室遇到了誰？;愛哭鬼麥朵
哈利在華麗與污痕書店看到過誰的簽售會？;吉德羅·洛哈
哈利在學習護法咒時，使用過下列哪一段回憶?;他第一次騎上飛天掃帚
哈利在霍格華茲誰是班上的第一名？;妙麗·格蘭傑
哈利和榮恩駕駛的福特安格利亞車最後撞到了什麼？;渾拚柳
哈利和鄧不利多在岩洞中遇到了什麽可怕的東西？;行屍
哈利的初戀是誰？;張秋
哈利的第一位黑魔法防禦術教授是誰？;奎裡納斯奎若
哈利的第一根魔杖多長？;11英吋
哈利的第一根魔杖杖芯是什麼？;鳳凰羽毛
哈利為什麼沒有收到魔法部的第一封警告信？;被多比攔截了
哈利堅稱佛地魔捲土重來，恩不裡居懲罰他反復抄寫什麼？;我不可以說謊
哈利第一次去路平教授辦公室時在角落看到了什麼？;滾帶落
哈利第一次受邀去參加史拉轟的派對時是和誰站在一起？;露娜.羅古德
哈利第一次參加魁地奇比賽前，妙麗借給了他一本什麼書?;魁地奇古史
哈利搭乘騎士公車去了哪裡?;破斧酒吧
哈利榮恩和妙麗最初懷疑誰想要偷走魔法石？;西弗勒德石內卜
哈利懷疑小天狼星有危險時，他以什麼交通方式到達了魔法部？;騎士墜鬼馬
奎若教授用了哪種樂器使毛毛放鬆警惕？;被施了魔法的豎琴
幽靈血腥男爵最喜歡的女孩是誰？;海蓮娜·雷文克勞
是誰在湖邊擊退催狂魔解救哈利·波特?;哈利·波特
是誰告訴了哈利波特巧克力可以緩解催狂魔帶來的負面情緒?;雷木思?路平
是誰使用了時光器來應對多門選修課？;妙麗?格蘭傑
是誰將寫有哈利波特名字的紙條投入了火盃中？;小巴蒂克勞奇
是誰創建了S.P.E.W.家庭小精靈權益促進會？;妙麗·格蘭傑
是誰開啟了消失的密室？;金妮·衛斯理
是誰讓多比去馬份莊園救哈利三人組？;阿波佛?鄧不利多
是誰讓哈利·波特知道巧克力可以緩解催狂魔帶來的負面情緒？;雷木思·路平
歪腿是一隻什麼顏色的貓？;姜黃色
洛夫古德（羅古德）家的造型像迷你巫師哪個棋子？;大車
洛哈教授曾在黑魔法防禦術上，把什麼奇獸放了出來？;康瓦爾郡綠仙
活米村妖精叛亂的時間是？;1612年
活米村備受歡迎的甜點商店叫什麼名字？;蜂蜜公爵糖果店
派西·衛斯理曾在陋居讀過什麼書？;《級長該如何獲得權力》 
為了和哈利一起去尋找分靈體，榮恩改造了什麼生物來扮演像得了散花痘的自己？;惡鬼
為了轉移哈利·波特，鳳凰社的成員們使用了哪種魔藥？;變身水
為什麼一年級後的那個暑假哈利沒有收到一封信?;多比攔截了信件
為什麼霍格華茲有些學生沒有因蛇妖而亡，只是被石化了?;間接看到的蛇妖
為何學生懷疑哈利是史萊哲林的後代？;他會說爬說語
為消遣和盈利而飼養火龍中建議用什麼餵養新出生的龍？;白蘭地混雞血
甚麼草藥有強大的治癒效果？;白鮮
看守魔法石的三頭犬叫作什麼？;路威
研究奇獸的巫師叫什麼？;奇獸飼育學家
研究神奇生物的巫師叫什麽？;神奇動物學家
紅軟帽通常在哪裡被發現？;有流血的地方
美國的伊法魔尼魔法學校由誰的後人創建？;史萊哲林
美國的巫師稱非魔法群體是什麼？;莫魔
胖夫人是哪個學院門口的畫像？;葛萊分多 
胡奇夫人曾用過哪一種飛天掃帚？;銀箭號
英國魔法部使用什麼方式取代了貓頭鷹傳遞資訊？;紙飛機
英國魔法部的來賓入口是什麼建築物？;電話亭
英國魔法部高級法院的組織名稱叫什麼？;巫審加碼
英國魔法部魔法兄弟噴泉中不包含下列哪種生物？;黑妖精／火龍
要搭車號多少的霍格華茲特快車才可以進入學校？;5972
食死人的手臂上紋著什麼圖案？;黑魔標記
倫敦最出名的魔法報紙是什麼?;《預言家日報》
哪一位妖精協助哈利·波特從古靈閣獲得了分靈體?;拉環
哪一門學科研究的是數位的魔力？;算數占卜
哪一項是大眾認可的赫夫帕夫學院的特質？;忠誠
哪一種刊物被指刊登陰謀論和虛構生物?;《謬論家》
哪一種奇獸有獅子的頭、山羊的身體和龍尾巴？;獅面龍尾羊
哪一種奇獸被麻瓜們稱為渡渡鳥？;謎蹤鳥
哪一種奇獸被稱為愛爾蘭鳳凰?;報喪鴉
哪一種神奇生物有人的頭、獅子的身體和蠍子的尾巴？;人頭獅身蠍尾獸
哪一種翠綠色的藥水會讓人產生恐懼和幻覺？;絕望藥水
哪一種龍被認為是最美的龍？;紐澳彩眼龍
哪一種魔藥中含有毛蟲切片?;縮骨藥水
哪本書不是麗塔·史譏的著作？;《糊弄麻瓜的簡單法術》
哪些人目睹了桃樂絲·恩不裡居將海格開除？;正在考天文學OWLS的學生們
哪個不是活點地圖（劫盜地圖）的創造者？;瘋眼穆迪
哪個來自禁忌森林的人馬成了霍格華茲的教授？;翡冷翠
哪個故事沒有被收錄在《吟遊詩人皮陀故事集》中？;巫師的飛天掃把
哪個家族喜歡在家庭小精靈老的時候，把他的頭砍掉掛到牆壁上？;布萊克家族
哪個電台播放反對佛地魔的廣播？;波特觀察
哪裡可以買到雙頭無尾水螈？;奇獸動物園
哪種藥材會讓碰到的人外觀上長出厚厚的硬皮？;肉瘤粉
哪種魔法生物像家貓？;獅尾貓
唧一位妖精協助哈利波特從古靈閣獲得了分靈體？;拉環
家庭小精靈多比最初的主人是誰？;魯休思·馬份
差點沒頭的尼克喜歡別人叫他什麼？;尼古拉斯爵士
恩不裡居的黑魔法防禦術課使用的課本是什麼？;《魔法防禦理論》
校醫院的龐芮夫人曾使用什麼藥水治療被石化的學生？;魔蘋果恢復劑
根據推測，佛地魔的母親是使用哪種方式讓他的父親愛上她的？;使用迷情劑
根據霍格華茲校規規定，學生幾年級之後才可以前往活米村？;三年級
格雷女士（灰女士）生前的名字為？;海蓮娜·雷文克勞 
桃樂絲?恩不里居建立了什麽學生組織來維持校園秩序？;調查行動組
桃樂絲·恩不裡居的護法是什麼?;貓
桃樂絲·恩不裡居建立了什麼學生組織來維持校園秩序？;督察小組
桃樂絲·恩不里居建立了什麼學生組織來維持校園秩序？;督察小組
桃樂絲·恩不裡居建立了什麼學生組織來維持校園秩序？;督察小組
海格在霍格華茲上學期養過什麼當寵物?;八眼巨蛛
海格如何描述牙牙？;膽小
海格使用什麼交通工具把小哈利·波特送到水蠟樹街4號？;會飛的摩托車
海格為什麼被送進阿茲卡班？;密室再度打開
海格教授曾起過他有個同父異母的弟弟，你們知道他叫什麼嗎？;呱啦
海格教授曾提起過，他在夜行巷找什麼驅蟲劑時，遇見了迷路的哈利？;食肉蛞蝓
海格教授曾經養大的八眼巨蛛叫什麼名子?;阿辣哥
海格曾說，除了霍格華茲之外，世界上最安全的地方是哪裡？;古靈閣
海格給鷹馬巴嘴取的新名字是什麼？;枯翅
海格孵出的小龍叫什麼名字？;諾伯
海蓮娜·雷文克勞把她母親的冠冕藏在哪裡？;在一顆空心的樹中
烏頭又被稱為舟形烏頭和什麼？;牛扁
狼人焚銳·格雷貝克是什麼邪惡群體的頭目？;搜捕隊頭目
破壞赫夫帕夫的小金杯的人是？;妙麗·格蘭傑
紐特?斯卡曼德的上衣口袋裏經常揣著哪種神奇動物？;木精
紐特·斯卡曼德的同伴皮奇是哪種魔法生物？;玻璃獸
紐特·斯卡曼德前往紐約是為了送哪種動物回家？;雷鳥
紐特受了什麼啟發開始對魔法動物感興趣？;他母親養的鷹頭馬身有翼獸（鷹馬）
紐特的同伴皮克特是哪種奇獸？;木精
茶葉占卜是研究什麼的？;研究茶葉渣形狀
訓練鄧不利多的軍隊成員時，哈利說哪個咒語是巫師的必備咒語？;昏擊咒
馬份用於詛咒鄧不利多的項鏈最後讓誰遭受了詛咒？;凱娣·貝爾
高布石像麻瓜的哪種遊戲？;彈子遊戲
假瘋眼漢穆迪在懲罰馬份時，把他變成了？;白鼬
偉大的阿不思·鄧不利多教授全名是什麼？;阿不思·派西瓦爾·伍爾弗裡克·布賴恩·鄧不利多
參加三巫鬥法大赛的選手必须年滿多少周歲？;17周歲
參加史拉轟教授晚宴的成員們加入了什麼團體？;史拉俱樂部
參與三巫鬥法大賽的人中犧牲的是誰？;西追·迪哥裡
啊不拉薩·馬份的死因是什麼？;龍痘瘡
崔老妮教授在霍格華茲教授什麽課程？;占卜學
從哪本書可以學習到撕淌三步殺?;《高級魔藥製作》
接納之筆將可入學的英國小巫師記錄在什麼上？;收錄冊
接骨木魔杖的別稱中不包括什麼？;智慧杖
接骨木魔杖的杖芯是什麼？;騎士墮鬼馬的尾毛
斜角巷上哪一家酒巴被巫師公認為倫敦最古老的酒吧？;破釜酒吧
斜角巷裡，專門販售大釜的店由誰經營？;派特奇女士
猜猜看，以前奈威·隆巴頓教授的寵物蟾蜍名叫什麼？;吹寶
猜猜看，金妮·衛斯理的蒲絨絨叫什麼名字？;阿洛
猜猜看，哈利·波特的摯友榮恩·衛斯理最擅長哪一種遊戲？;迷你巫師
猜猜看，哈利第一次去路平教授辦公室時，在角落看到了什麼？;滾帶落
猜猜看，海格的摩托車原來屬於誰？;小天狼星·布萊克
猜猜看，爲什麽鳥蛇蛋這麽值錢？;它們是銀做的
猜猜看，盧平教授的朋友們叫他什麽？;月影
現今還有多少純血巫師家族？;28
現存最強勁的愛情魔藥是什麽？;意亂情迷水
眾所周知，皮皮鬼最怕哪個幽靈?;血腥男爵
第一顆金探子製作者（鮑曼·賴特）的居住地？;高錐客洞 
第二學年，哈利·波特和榮恩·衛斯理是通過什麼方式到達學校的？;魔法汽車
莉莉·伊凡第一個認識的巫師是誰？;賽佛勒斯·石內卜
莉莉·伊凡曾贈予史拉轟教授什麼東西？;一朵變成魚的花
被食死人抓住後，是誰給哈利波特施了蜇人咒？;妙麗·格蘭傑
通往魔法石的關卡中，巫師棋這一關是誰設定的？;麥教授
鳥頭又被稱為舟形鳥頭和什麼？;牛扁
麥朵因什麼生物而死？;蛇妖
麥米奈娃年輕時的戀人，和她的父親一樣是一位？;麻瓜
麥教授的化獸師形態是什麼？;虎斑貓
麥教授是哪門課的老師？;變形課
麥教授曾是哪個學院的院長?;葛來分多
麥教授曾經被什麼擊中，進了聖蒙果醫院？;她被四發昏擊咒擊中
麥教授認為最不科學的學科是什麼？;占卜學
麥教授認為最危險的學科是什麼？;變形學
麥教授認為霍格華茲最不準確的學科是什麼？;占卜學
最初和最終，哈利乘坐什麼交通工具來到及離開水蠟樹街4號的？;天狼星·布萊克的摩托車
最後大決戰中，哈利·波特在哪裡陷入假死？;禁忌森林
最終，鄧不利多教授被殺害的地方是哪裡？;天文塔
喜歡讀雜誌的同學，有人知道哈利的表哥叫什麼名字嗎?;達力
惡人掌被刺激後會噴出什麼?;臭樹汁
斯內普的守護神咒和誰的一樣？;莉莉·伊凡
斯拉格霍恩創辦了什麼協會？;鼻涕蟲俱樂部
普通巫術等級測驗總共有幾個科目？;12
曾為克勞奇家族服務過的家庭小精靈是誰？;閃閃
曾被藏在霍格沃茨的魔法石是誰製作的？;尼可·勒梅
曾經，弗雷和喬治偷偷用什麼偷聽鳳凰會會議？;伸縮耳
曾經，弗雷和喬治偷偷用什麼偷聽鳳凰社會議？;伸縮耳
曾經，桃樂絲·恩不里居用什麼物品懲罰哈利和他的同學們？;懲罰羽毛筆
曾經的人氣明星吉德羅?洛哈最喜歡的顏色是什麼？;淡紫色
曾經活下來的男孩哈利波特出生於哪裡？;高錐客洞
曾經誰告訴哈利和榮恩有一位女孩死在了盥洗室裡？;跩哥·馬份
曾關押黑巫師蓋瑞·葛林戴華德的紐蒙迦德，位於哪個國家？;奧地利
渾拼柳下的樹洞可以通往哪裡？;尖叫屋
犄角獸可以在哪裡被發現？;瑞典
華麗與污痕的商店出售什麼？;書本
進入魔法部打的電話號碼是多少？;62442
馭心梅與眾不同的地方在哪裡？;顛倒著懸掛在樹上
黑夜王在成為佛地魔之前叫什麼名字？;湯姆·瑞斗
黑暗時期誰向佛地魔出賣了詹姆和莉莉？;彼得·佩迪魯
黑魔法：自衛指南的作者是誰？;昆丁·特林保
傳言妙麗格蘭傑聞到的愛情魔藥是什麼味道？;剛修剪過的草坪
傳聞中，哈利·波特的父親詹姆·波特的外號是什麼？;鹿角
傳聞中，詹姆·波特的化獸師形態是什麼？;雄鹿
傳聞中「被選中的人」是誰？;哈利·波特
傳聞中波特家族在古靈閣的金庫編號是多少？;687號
傳聞中的“被選中的人”是誰？;哈利·波特
傳聞中的預言廳在哪裡？;魔法部
以下四個人物誰不是化獸師;水仙馬份
傳聞中哈利波特的父親詹姆波特的外號是什麼？;鹿角
傳聞中哪一個童話故事提到了死神聖物的起源？;《三兄弟的傳說》
傳說中的混血王子是誰？;賽佛勒斯·石內卜
奧利凡德魔杖商店創始於哪一年？;西元前382年
想要成為正氣師，至少需要獲得幾個良好評價以上的N.E.W.Ts證書？;5個
想要進入雷文克勞交誼廳，你需要先做什麼？;解出謎語
想要進入魔法部需要在倫敦紅色電話亭中撥打的號碼是？;62442
意若思鏡名字的詞源來自哪個單詞？;desire(慾望)
愛哭鬼麥朵是哪個學院的？;雷文克勞
愛閱讀的同學們，《神奇的我》是誰的自傳？;吉德羅·洛哈
照妖鏡的作用？;顯示你的敵人正在逼近
獅尾蠍和火螃蟹交配繁殖會得到什麼？;炸尾螺
當一個人快死時，喝什麼生物的血可以使其繼續生存下去？;獨角獸
當年妙麗用什麼方法同時修多門課程？;時光器（台譯：時間轉換器）
當你打開咆哮信時會發生什麼？;被吼叫
當哈利因為違反巫師保密法而接受審判時，證人是？（魔法部最終採用了誰的證詞？）;阿拉貝拉·費格（費格太太）
當哈利波特第一次參加魁地奇比賽時是誰對他的飛天掃帚施用了黑魔法？;奎裡納斯奎若
桃樂絲;拐杖和裝滿了粉筆的襪子
當消失的密室被打開時妙麗格蘭傑通過什麼看見了蛇妖？;鏡子
當記憶球變成紅色意味著什麼？;使用者遺忘了什麼
當蓋勒特格林德沃打入美國魔法國會時他的身份是什麼？;帕西瓦爾·格雷福斯
當德思禮侮辱鄧不利多的時候，海格做了什麽？;給達利變出了一條豬尾巴
當鄧不利多被革除校長職位後，由誰接任？;桃樂絲·恩不里居
禁止濫用麻瓜物品辦公室的主任是誰？;亞瑟·衛斯理
萬應室在城堡幾樓？;8樓
萬應室附近的掛毯上山怪穿著什麼？;芭蕾舞裙
聖蒙果中的一個牌子上寫著：乾淨的大釜可以讓魔藥不變成什麼？;毒藥
聖蒙果魔法疾病與傷害醫院的院徽是什麼？;魔杖和骨頭交叉 
聖蒙果魔法傷病醫院位於?;倫敦
葛來分多的學院幽靈是誰？;差點沒頭的尼克
葛萊分多的交誼廳曾用過哪個密語？;香蕉餡油炸餅
跩哥?馬份用於詛咒鄧不利多的項鏈最後讓誰遭受了詛咒？;凱娣?貝爾
跩哥?馬份在三強爭霸賽的舞會上的舞伴是誰?;潘西?帕金森
跩哥·馬份二年級時使用的是什麼型號的飛天掃帚？;光輪2001
跛哥馬份二年級時使用的什麼飛天掃帚;光輪2001
跩哥·馬份最終與誰結成了夫妻？;阿斯托利亞·綠茵
路平教授在哈利波特幾年級時來霍格華茲教授黑魔法防禦術？;三年級
路平教授使用什麼藥水讓自己變身時保持理智？;縛狼汁
路平教授原以爲哈利的幻形怪會變成什麽形態？;佛地魔
達力在哪本書裡遇到了催狂魔？;鳳凰社
雷文克勞交誼廳的門環是什麼形狀？;鷹
雷文克勞的學院幽靈是誰?;格雷女士
雷木思·路平、天狼星·布萊克、詹姆·波特和彼得·佩迪魯的組合名稱是什麼？;劫盜者
雷吉·卡特莫爾在魔法部的哪個部門工作;魔法維護局
電台播放反對佛地魔的廣播？;波特觀察
電影中哈利·波特沒有進入霍格華茲魔法學校之前放出一條什麼蟒蛇？;緬甸蟒
對抗食死人時，天狼星·布萊克死於誰之手?;貝拉·雷斯壯
對黑魔法影響頗深，以第一位蛇妖孵化者著稱的最早爬說語之一是？;惡人赫珀
榮恩·衛斯理一家曾在贏得大獎後去那裡旅遊?;埃及
榮恩·衛斯理一家曾在贏得大獎後去哪裡旅遊?;埃及
榮恩·衛斯理因為迷你巫師勝利為葛來分多加了多少分?;50
榮恩·衛斯理的父親在哪裡工作？;魔法部
榮恩·衛斯理的貓頭鷹小豬原來叫什麽名字？;豬水鳧
榮恩·衛斯理的護法是什麼？;傑克拉塞爾獵狗
榮恩·衛斯理最喜歡的魁地奇球隊是什麼隊？;查德利砲彈隊
榮恩·衛斯理曾在葛來分多魁地奇球隊打什麼位置?;看守手
榮恩的第一個女朋友叫什麼？;文妲·布朗
榮恩的貓頭鷹叫什麼名字？;小豬
榮恩的寵物老鼠叫什麽名字？;斑斑
榮恩的老鼠叫什麼名字;斑斑
最後一個被摧毀的分靈體是什麼;娜吉妮
榮恩的護法是什麼動物?;傑克羅素犬
榮恩的魔杖是什麼原因弄斷的？;渾拚柳
榮恩現影術分體後，妙麗用什麼治療他的傷口？;白鮮液
榮恩衛斯理家裡的大鐘有什麼用途？;顯示家人的狀態
榮恩衛斯理最喜歡的魁地奇球隊是什麼隊？;查德利砲彈隊
榮恩衛斯理曾在葛來分多魁地奇球隊打什麼位置？;看守手
榮恩衛斯理還缺巧克力蛙畫片裡的哪兩位？;康尼留斯阿葛麗芭 和 皮托勒米
瑪麗·卡特摩的丈夫雷格·卡特摩曾在魔法部的哪裡工作？;魔法維護局
瘋眼漢穆迪在魔法部擔任什麼職位時受了很多傷？;正氣師
瘋眼漢穆迪曾如何「懲罰」跩哥·馬份？;他把跩哥變成了一隻白鼬
福來福喜的重要配方之一是哪種生物的蛋殼？;兩腳蛇
與哈利·波特交好的衛斯理一家曾居住的房子叫什麼？;陋居
與蛇妖的眼睛對視會發生什麼？;死亡
蓋勒·葛林戴華德曾在哪所學校上學？;德姆斯特朗
蓋瑞·葛林戴華德曾潛伏進美國魔法國會，當時他的化名為？;帕西瓦爾·格雷夫斯
誘餌炸彈的功用？;吸引火力
說出霍格華茲經常出沒的搗亂分子的名字?;皮皮鬼
赫夫帕夫的學院幽靈是誰？;胖修士
赫敏格蘭傑的守護神是什麼形態？;水獺
魁地奇比賽中，什麼位置負責擊打搏格？;打擊手
魁地奇比賽中，常規得分手段是投進什麼球？;快浮
魁地奇賽事中追捕手用什麼方式來抓捕金探子？;隆斯基詐騙法
鳳凰的眼淚有什麼功效?;療傷治癒
嘿美的名子出自哪裡?;魔法史
德拉科馬份在三強爭霸賽的舞會上的舞伴是誰？;潘西·帕金森
摩金夫人在斜角巷開了一家什麼店?;長袍店
衛氏巫師法寶店在斜角巷幾號？;斜角巷93號 
衛氏巫師法寶店最大投資者是誰？;哈利·波特
衛斯理一家去德思禮家接哈利看世界賽時使用了什麼移動方式？;呼嚕網
衛斯理兄弟在誰的辦公室抽屜發現了劫盜地圖？;阿各·飛七
衛斯理速效逃課糖會讓使用者怎麽樣？;看上去生病了
衛斯理雙胞胎準備怎麼跨過火盃的年齡線？;使用增齡劑
誰反對把皮皮鬼趕出城堡？;胖修士
誰用的杖芯材料是山怪的鬍鬚？;卡多甘爵士
誰在危機時刻趕到密室幫助了哈利？;佛客使
誰在阿辣哥的葬禮上發表了講話？;赫瑞司·史拉轟
誰在哈利·波特額頭上留下了閃電疤痕？;佛地魔
誰在第二次巫師世界大戰用雙面鏡幫助哈利？;阿波夫.鄧不利多
誰在霍格華茲特快車上隊哈利施了全身束縛咒？;跩哥·馬份
誰死在了英國魔法部神秘事物司的帷幔後面？;天狼星·布萊克
誰告訴了哈利、榮恩、妙麗死神聖物的故事?;謝諾菲留斯·諾夫古德
誰告訴哈利盥洗室是通往密室的入口？;跩哥·馬份
誰把湯姆瑞斗的日記放入金妮的大釜？;魯休斯·馬份
誰和哈利·波特一起參加了史拉轟教授的聖誕晚會？;露娜·羅古德
誰的冠冕成了佛地魔的分靈體？;羅威娜·雷文克勞
誰的掛墜成了佛地魔的分靈體？;薩拉紮·史萊哲林
誰的魔眼能看穿牆壁?;阿拉特·穆敵
誰是布萊克家族的家庭小精靈？;克利切
誰是哈利·波特的第三任黑魔法防禦術老師？;雷木思·路平
誰是哈利波特入學第一學期魁地奇隊長？;奥利佛?木透
誰是霍格華茲的鑰匙和場地管理員?;魯霸·海格
誰派多比前往馬分莊園的地窖解救了哈利·波特和他的朋友們?;阿波佛·鄧不利多
誰為學院魁地奇球隊採購了全部的掃帚？;魯休斯·馬份
誰能告訴我，高布石像麻瓜的哪種遊戲？;彈球
誰能說出糞石取自何處？;山羊的胃
誰假冒了真正的阿拉特?穆迪作為三巫鬥法大賽那年霍格華茲的黑魔法防禦術教授？;小巴蒂·克勞奇
誰教會了哈利·波特護法咒？;路平
誰第一個告訴哈利·波特，他是一個巫師?;海格
誰終結了娜吉妮？;奈威
誰最先找到史萊哲林的小金匣？;雷古勒斯·布萊克
誰創建了S.P.E.W？;妙麗·格蘭傑
誰曾因為喝下了錯誤的變身藥水變成了貓人？;妙麗·格蘭傑
誰曾是魔法部派往霍格華茲的總督察？;桃樂絲·恩不裡居
誰曾經使用時光器（時間轉換器）解決課程時間衝突的問題？;妙麗·格蘭傑
誰發明了咒語撕淌三步殺？;賽佛勒斯·石內卜
誰預言了一個七月出生的男孩將挑戰佛地魔？;西碧·崔老妮
誰摧毀了佛地魔的最後一個分靈體？;奈威·隆巴頓
誰誣陷海格打開了密室？;湯姆·瑞斗
誰導致了巴嘴被判了死刑？;魯休斯?馬份
誰調換了伏地魔藏在岩洞中的斯萊特林掛墜盒？;雷古勒斯·布萊克
誰養了一隻叫拿樂絲太太的貓？;阿各·飛七
誰還記得哈利?波特的第一根魔杖有多長？;11吋
請問「黏痰過多」的黏痰指的是？;花兒·德拉庫爾
請問在第三學年時哈利波特用什麼樣的方式從姨媽家來到斜角巷？;乘坐騎士公車
請問紐特·斯卡曼德給蒂娜·戈德斯坦情書中寫到蒂娜的眼睛像哪種生物;火蜥蜴
請問紐特·斯卡曼德給蒂娜·戈德斯坦的情書中寫到蒂娜的眼睛像哪種生物？;火蜥蜴
請問接骨木魔杖的第一代主人是誰？;安提歐·皮福雷
請問隆巴頓教授在上學的時候養了什麼寵物？;蟾蜍
請問學院幽靈灰女士的原名是？;海蓮娜?雷文克勞
請問學院幽靈格雷女士的原名是？;海蓮娜·雷文克勞
請問變身水的配方沒有以下哪一樣？;粉碎蛇的毒牙
鄧不利多在青年時期最好的朋友是誰？;蓋勒葛林戴華德
鄧不利多死的那天晚上，是什麼文物讓食死人進入霍格華茲?;消失衣櫃
鄧不利多沒有使用過什麼作為密語？;南瓜汁
鄧不利多和葛林戴華德在哪裡認識的？;高錐克洞
鄧不利多的母親叫什麼名字？;坎德拉?鄧不利多
鄧不利多的軍隊的第一次集會地點選擇在了哪裡？;豬頭酒吧
鄧不利多的軍隊通過什麼硬幣來交流資訊？;假加隆
鄧不利多的鳳凰的名字叫什麼？;佛客使
鄧不利多將什麼遺贈給妙麗？;《吟遊詩人皮陀故事集》
鄧不利多教授學生時被分到了哪個學院？;葛來分多
鄧不利多最後一次與哈利見面的地方？;王十字車站
鄧不利多曾在意若思鏡裡藏了什麼？;魔法石
鄧不利多曾經擁有幾件死亡聖器？;3
鄧不利多屬於哪個學院？;葛萊分多
魯霸·海格同父異母的弟弟叫什麼名字？;呱啦
魯霸·海格的小龍蘿蔔托付給查理之後改名爲什麽？;諾貝塔
魯霸·海格的父母中誰是巨人？;母親是巨人
學生們在課上被毒觸手攻擊可以做什麽？;大聲念咒
學生時哈利的職業規劃是什麼?;正氣師
學生時期，妙麗曾用衝衝攻攻擊過榮恩，你們知道為什麼嗎?;他親了文妲·布朗
學生時期西莫·婓尼幹的幻形怪形態是什麼?;報喪女妖
學生時期的佛地魔湯姆?瑞斗被分到哪個學院？;史萊哲林
學生時期的魯霸?海格在地牢養大了一隻八眼巨蛛，它的名字叫？;阿辣哥
學生時期哈利的職業規劃是什麼？;正氣師
學院幽靈中是誰一直反對將皮皮鬼趕出雀格華茲？;胖修士
學院幽靈差點梅頭的尼克的本名是什麼?;尼古拉斯·德·敏西·波平頓
學期結束時，學院分最高的學院會贏得什麼榮譽？;學院杯
據茉莉所知，亞瑟·衛斯理的最大理想是什麼？;弄清飛機是怎麼呆在天上的
歷史上，是誰摧毀了分靈體魔佛羅·剛特的戒指？;阿不思·鄧不利多
歷史上，鄧不利多的軍隊的常規訓練地點在哪裡？;萬應室
歷史上娜吉妮在變成蛇之前與誰關係密切？;克萊登斯·巴瑞波恩
歷史上湯姆·瑞鬥誣衊誰打開了密室？;魯霸·海格
歷史上葛萊芬多交誼廳入口在胖夫人受到驚嚇後，由誰臨時守護？;卡多甘爵士
歷史上赫夫帕夫的金杯由誰親手摧毀？;妙麗?格蘭傑
歷史上誰打敗了一代黑魔王蓋勒?葛林戴華德？;阿不思·鄧不利多
歷史軼聞，誰將劫盜地圖送給了哈利？;弗雷和喬治
獨角獸寶寶是什麼顏色？;金色
貓頭鷹是值得信賴的寵物，有誰知道哈利·波特的貓頭鷹叫什麼？;嘿美
貓頭鷹愛好者們，知道哈利的貓頭鷹嘿美是什麼品種嗎？;雪鴞
貓頭鷹愛好者請聽題，愛落是誰的貓頭鷹?;衛斯理一家
霍格沃茲女生盥洗室裡總有鬼出沒？;桃金孃(麥朵)
霍格莫德妖精叛亂的時間是？;1612年
霍格華茲一年級新生不被允許帶什麼入校？;飛天掃帚
霍格華茲女生盥洗室裡游蕩著哪位幽靈？;麥朵
霍格華茲不允許學生帶什麼寵物入學？;八眼巨蛛
霍格華茲之戰開戰前，誰召集了食死人？;阿萊克托?卡羅
霍格華茲各學院的學院杯分數是用什麼記錄的？;裝滿寶石的沙漏
霍格華茲的飛行課教師是誰？;胡奇夫人
霍格華茲的哪一任校長曾經是著名的草藥學家？;費麗·斯波兒
霍格華茲的家庭小精靈又把萬應室稱為什麼？;來去屋
霍格華茲的第一任管理員是誰？;漢克爾頓·亨布爾
霍格華茲的圖書館管理員是誰？;平思女士
霍格華茲的學生通常在斜腳巷哪裡購買校袍?;摩金夫人長袍專賣店
霍格華茲的學生給露娜?羅古德起了什麽外號？;瘋姑娘露娜
霍格華茲的獵場看守是誰？;魯霸·海格
霍格華茲城堡坐落在什麼地方？;蘇格蘭高地
霍格華茲特快車上賣零食的女售貨員叫什麼名字？;沒人知道
霍格華茲特快車出現以前，霍格華茲的學生們如何去學校？;港口鑰
霍格華茲特快車從哪個車站出發？;王十字車站
霍格華茲唯一的幽靈教授是誰？;丙斯教授
霍格華茲通往活米村的密道藏在哪裡？;駝背獨眼女巫雕像後面
霍格華茲最高的塔樓是什麼？;天文塔
霍格華茲魁地奇球賽的裁判是誰？;胡奇女士
霍格華茲歷史上，誰在萬應室放出了惡魔之火？;文森特·克拉布
龍血的十二種用途的發現者是誰？;阿不思·鄧不利多
謝諾菲留斯·洛夫古德認為旋舞針的翅膀能引發什麼？;導入高級思維狀態
謝諾菲留斯·洛夫古德認為馭心梅可以加強人對什麼東西的感知能力?;異常事物
賽佛勒斯·石內卜幼時的家在哪條街上？;紡紗街
賽佛勒斯·石內卜在舊《高級魔藥製作》課本曾署名什麼？;混血王子
賽佛勒斯·石內卜在舊《進階魔藥調配學》課本裡曾署名什麼？;混血王子
賽佛勒斯·石內卜死後的下一任魔藥學教授是？;赫瑞思史拉轟
賽佛勒斯·石內卜學生時代被起什麼外號？;鼻涕精
賽佛勒斯·石內卜擔任校長的時候，史萊哲林的院長是誰？;赫瑞司·史拉轟
隱匿怪是幻影猿和什麼結合的後代？;惡鬼
騎士公車的售票員叫什麼名字?;斯坦利·桑派克
爆尾釘蝦是火螃蟹和什麼生物的雜交後代？;人面蠍尾獅
爆角怪的角有什麽特別之處？;會引起爆炸
羅恩韋斯萊兒時的家叫什麼名字？;陋室
羅梅塔夫人把施了毒咒的寶石項鍊給了誰？;凱娣·貝爾
露娜·羅古德女士曾屬於哪個學院?;雷文克勞
露娜·羅古德父親的職業是什麼？;《謬論家》的主編
露娜·羅古德的護法是什麼型態？;野兔
露娜·羅古德透過七彩迷幻眼鏡可以看到什麼？;嗡嗡靈
露娜認為哪種植物可以用於驅趕大嘴彩球魚貪吃長腿魚？;戈迪根
魔法史的作者是誰?;芭蒂達巴沙特
魔法史課上，同學們總是把惡魔埃默里克和誰搞混？;怪胎烏瑞克
魔法石可以帶來什麼？;永生
魔法石是什麼顏色的？;紅色
魔法石曾被存放於古靈閣的幾號金庫？;713號
魔法部的魔法兄弟噴泉不包含以下哪種雕塑？;火龍/黑妖精
魔法部將一種生物定級為X級時，意味著什麼？;幾乎沒有殺傷力
魔法部將一種生物定級為XXX級時，意味著什麼？;有能力的巫師可以戰勝
魔柔·剛特將史萊哲林小金匣賣了多少錢？;10加隆
聽說露娜·羅古德女士總穿著鞋睡覺，大家知道為什麼嗎?;她會夢遊
鷹頭馬身有翼獸巴克比克回到霍格沃茲後海格給他取了一個新名字是什麼？;威瑟溫斯
以下哪一個學生跟哈利不是同級?;科林克裡維
有誰知道,哈利·波特的中間名是什麼?;詹姆
哈利·波特是皮福雷三兄弟中誰的後代?;伊諾特
哈利·波特第一次用呼嚕粉時誤入了哪裡?;博金-博克古董商店
最後大決戰中,哈利·波特在哪裡陷入假死?;禁忌森林
哈利在華麗與污痕書店看到過誰的簽售會?;吉德羅.洛哈
哈利在目睹誰的死亡後能看到騎士墜鬼馬?;西追·迪哥裡
下列四人中誰曾試圖對哈利使用愛情魔藥?;羅咪·凡
哈利在學習護法咒時,使用過下列哪一段回憶?;他第一次騎上飛天掃帚
海格是乘坐什麼交通工具將嬰兒哈利送到鄧不利多面前;飛天摩托車
誰和哈利·波特一起參加了史拉轟教授的聖誕晚會?;露娜·羅古德
哈利·波特和阿不思·鄧不利多最後一次見面是在哪裡?;王十字車站
哈利在火車上拆巧克力蛙卡片時,獲得的第一個人物是?; 阿不思·鄧不利多
哈利堅稱佛地魔捲土重來,恩不裡居懲罰他反復抄寫什麼?;我不可以說謊
訓練鄧不利多的軍隊成員時,哈利說哪個咒語是巫師的必備咒語?;昏擊咒
弗雷和喬治開的商店名稱叫什麼?;衛氏巫師法寶店
弗雷和喬治使用什麼東西向恩不裡居示威?;衛氏野火魔爆彈
下列物品中哪一個不是衛氏巫師法寶店的產品?;伸縮眼
禁止濫用麻瓜物品辦公室的主任是誰?;亞瑟衛斯理
亞瑟衛斯理在遭到娜吉妮攻擊後被送去了哪裡?;聖蒙果魔法疾病與傷害醫院
榮恩·衛斯理一家曾在贏得大獎後去哪裡旅遊?;埃及
衛斯理一家去德思禮家接哈利看世界賽時使用了什麼移動方式?;呼嚕網
猜猜看,金妮·衛斯理的迷你毛毛球叫什麼名字?;阿囡
弗雷和喬治是如何獲得劫盜地圖的?; 從飛七的辦公室偷來的
歷史軼聞,誰將劫盜地圖送給了哈利?;弗雷和喬治
下列選項中誰不是劫盜地圖的創造者?;瘋眼
哈利在劫盗地圖上看到了哪個他以為已經死去的人?;彼得·佩迪魯
化默師形態下的天狼星·布萊克被稱為獸足或什麼?;傷風
一次阿茲卡班越獄事件中,誰嚇得胖夫人逃出了畫框?;天狼星·布萊克
霍格華茲唯一的幽靈教授是誰?;丙斯教授
哭泣的麥朵是哪個學院的?;雷文克勞
哈利在級長浴室遇到了誰?;愛哭鬼麥朵
眾所周知,皮皮鬼最怕哪個幽靈?;血腥男爵
學院幽靈中是誰一直反對將皮皮鬼趕出雀格華茲?;胖修士
當桃樂絲·恩不裡居從霍格華茲離開時,皮皮鬼用什麼東西攻擊她?;拐杖和装滿了粉筆的襪子
一段往事,誰殺了格雷女士?;血腥男爵
幽靈血腥男爵喜歡的女孩是誰?;海蓮娜·雷文克勞
葛來分多的學院幽靈是誰?;差點沒頭的尼克
雷文克勞的學院幽靈是誰?;格雷女士
赫夫帕夫的學院幽靈是誰?;胖修士
史萊哲林的學院幽靈是誰?;血腥男爵
哈利上一年級時,誰跑到禮堂告訴大家一隻山怪被放出来了?;奎若教授
哈利一年級時,霍格华茲城堡中的哪個地方是禁止學生入內的?;四樓走廊
哈利二年級開學時,以什麼交通方式到達了霍格華?;一輛會飛的車
哈利三年級開學時,霍格華茲特快車上什麼導致了哈利暈倒?;催狂魔
哈利三年級時,黑魔法防禦術課上遭遇的幻形怪是什麼形態?;催狂魔
在小漢格頓的墓地中,西追·迪哥裡向哈利提出的最後一個請求是什麼?;把他的屍體帶給他的父母
哈利波特之外還有誰能拔出葛來分多寶劍;奈威隆巴頓
